claim,label,Additional_Info
"1,000 genomes project enables mapping of genetic sequence variation consisting of rare variants with larger penetrance effects than common variants.",SUPPORT,(No content found)
1/2000 in UK have abnormal PrP positivity.,SUPPORT,"Creutzfeldt–Jakob disease (vCJD) is a fatal type of brain disease. Initial symptoms include psychiatric problems, behavioral changes, and painful sensations. Average life expectancy following the onset of symptoms is 13 months. CJD is caused by abnormal folding of a protein known as a prion. About 70% of people die within a year of diagnosis. About 85% of cases of CJD occur for unknown reasons. Exposure to brain or spinal tissue from an infected person may also result in spread."
A high microerythrocyte count raises vulnerability to severe anemia in homozygous alpha (+)- thalassemia trait subjects.,CONTRADICT,(No content found)
"A total of 1,000 people in the UK are asymptomatic carriers of vCJD infection.",CONTRADICT,"Creutzfeldt–Jakob disease (vCJD) is a fatal type of brain disease within the transmissible spongiform encephalopathy family. Initial symptoms include psychiatric problems, behavioral changes, and painful sensations. Average life expectancy following the onset of symptoms is 13 months. It is caused by prions, which are misfolded proteins, and is a form of brain cancer. For more information on vCJD, visit www.cjd.org.uk."
ADAR1 binds to Dicer to cleave pre-miRNA.,SUPPORT,"RNA interference (RNAi) is a biological process in which RNA molecules are involved in sequence-specific suppression of gene expression by double-stranded RNA. Andrew Fire and Craig Mello shared the 2006 Nobel Prize in Physiology or Medicine for their work on RNAi in the nematode worm Caenorhabditis elegans. They worked on the RNAi process in the worm Caensorhabdus elegans, which is a type of nematodes. For more information about RNAi, visit the Royal Society of Chemistry website."
AIRE is expressed in some skin tumors.,SUPPORT,"ETV6 (i.e. translocation-Ets-leukemia virus) protein is a transcription factor. It regulates the development and growth of diverse cell types, particularly those of hematological tissues. GLI1 also known as glioma-associated oncogene is a protein that in humans is encoded by theGLI1 gene. It was originally isolated from human glioblastoma cells. It has been shown to play a role in the development of some forms of cancer."
ALDH1 expression is associated with better breast cancer outcomes.,CONTRADICT,"Cancer stem cells (CSCs) are cancer cells that possess characteristics associated with normal stem cells. CSCs may generate tumors through the stem cell processes of self-renewal and differentiation into multiple cell types. Such cells are hypothesized to persist in tumors as a distinct population and cause relapse and metastasis. They are also thought to play a role in the development of other types of cancer cells, such as lymphoma and lung cancer. They have been linked to a higher incidence of cancer in the United States."
ALDH1 expression is associated with poorer prognosis in breast cancer.,SUPPORT,"Aldehyde dehydrogenase 1 family, member A1 is an enzyme that is encoded by the ALDH1A1 gene. It is also known as retinaldehyde dehydrogensase 1 (RALDH1) or ALDH 1A1. To date, nineteen ALDH genes have been identified within the human genome. These genes participate in a wide variety of biological processes. The oxygen in aldehydes comes from a water molecule, so ALDH enzymes catalyse the oxidation of aldeHydes."
AMP-activated protein kinase (AMPK) activation increases inflammation-related fibrosis in the lungs.,CONTRADICT," mTOR is a kinase that in humans is encoded by the MTOR gene. It is a member of the phosphatidylinositol 3-kinase-related kinase family of protein kinases. It regulates cell growth, cell proliferation, cell motility, cell survival, protein synthesis, autophagy, and transcription. mTOR has been shown to play a key role in the development of the human immune system. It has also been found to play an important role in some forms of cancer."
APOE4 expression in iPSC-derived neurons increases AlphaBeta production and tau phosphorylation causing GABA neuron degeneration.,SUPPORT,(No content found)
"APOE4 expression in iPSC-derived neurons increases AlphaBeta production and tau phosphorylation, delaying GABA neuron degeneration.",CONTRADICT,(No content found)
Activation of PPM1D suppresses p53 function.,SUPPORT,The protein encoded by this gene is a member of the PP2C family of Ser/Thr protein phosphatases. This phosphatase negatively regulates the activity of p38 MAP kinase (MAPK/p38) through which it reduces the phosphorylation of p53. This gene is located in a chromosomal region known to be amplified in breast cancer. It is found in a region of the genome that is thought to play a role in the development of cancer.
All hematopoietic stem cells segregate their chromosomes randomly.,SUPPORT,"This glossary of cellular and molecular biology is a list of definitions of terms and concepts commonly used in the study of cell biology, molecular biology, and related disciplines. It is split across two articles: The Cell Biology Glossary and the Molecular Biology glossary. The history of genetics can be represented on a timeline of events from the earliest work in the 1850s, to the DNA era starting in the 1940s, and the genomics era beginning in the 1970s. In the United States, three children per 1,000,000 are diagnosed each year."
Angiotensin converting enzyme inhibitors are associated with increased risk for functional renal insufficiency.,SUPPORT,"Mesoamerican nephropathy (MeN) is an endemic chronic kidney disease (CKD) characterized by reduced glomerular filtration rate (GFR) with mild or no proteinuria. MeN is prevalent in agricultural communities along the Pacific Ocean coastal lowlands Mesoamerica. Secondary hypertension has a specific and identifiable underlying primary cause. It is much less common than essential hypertension, affecting only 5-10% of hypertensive patients. It has many different causes including obstructive sleep apnea, kidney disease, endocrine diseases, and tumors."
Anthrax spores can be disposed of easily after they are dispersed.,CONTRADICT,"The Tokyo subway sarin attack was an act of domestic terrorism perpetrated on 20 March 1995, in Tokyo, Japan, by members of the cult movement Aum Shinrikyo. In five coordinated attacks, the perpetrators released sarin on three lines of the Tokyo Metro, killing 13 people, severely injuring 50 (some of whom later died), and causing temporary vision problems for nearly 1,000 others. The attack was directed against trains passing through Kasumigaseki and Nagatachō, where the National Diet (Japanese parliament) is headquartered."
Antibiotic induced alterations in the gut microbiome reduce resistance against Clostridium difficile,SUPPORT,"Clostridioides difficile infection (CDI or C-diff) is a symptomatic infection. Symptoms include watery diarrhea, fever, nausea, and abdominal pain. Complications may include pseudomembranous colitis, toxic megacolon, perforation of the colon, and sepsis. A list of antibiotic resistant bacteria is provided below. These bacteria are considered to be resistant to some form of antibiotics. Antibiotics are not effective against viruses such as the common cold or influenza."
Antiretroviral therapy reduces rates of tuberculosis across a broad range of CD4 strata.,SUPPORT,(No content found)
Articles published in open access format are less likely to be cited than traditional journals.,CONTRADICT,"Academic publishing is the subfield of publishing which distributes academic research and scholarship. In academic publishing, a scientific journal is a periodical publication designed to further the progress of science. Unlike professional or trade magazines, the articles are mostly written by scientists rather than staff writers employed by the journal. In peer review, submitted articles are reviewed by active scientists (peers) to ensure scientific rigor. The part of academic written output that is not formally published but merely printed up or posted on the Internet is often called ""grey literature"""
Articles published in open access format are more likely to be cited than traditional journals.,SUPPORT,"Academic publishing is the subfield of publishing which distributes academic research and scholarship. Most academic work is published in academic journal articles, books or theses. The part of academic written output that is not formally published but merely printed up or posted on the Internet is often called ""grey literature"" The cost of electronic publishing is incommensurably smaller, than the cost of on-paper publis. Authors of research papers are not paid in any way, so they do not suffer any monetary losses, when they switch from behind paywall to open access publishing."
"Assembly of invadopodia is triggered by focal generation of phosphatidylinositol-3,4-biphosphate and the activation of the nonreceptor tyrosine kinase Src.",SUPPORT,(No content found)
Asymptomatic visual impairment screening in elderly populations does not lead to improved vision.,SUPPORT,"Glaucoma is a group of eye diseases that can lead to damage of the optic nerve. Macular degeneration typically occurs in older people, and is caused by damage to the macula of the retina. Diabetic retinopathy (also known as diabetic eye disease) is a medical condition in which damage occurs to the retina due to diabetes. A pediatric concussion is a head trauma that impacts the brain capacity. Symptoms following after the concussion vary and may include confusion, disorientation, lightheadedness, nausea, vomiting, blurred vision and loss of consciousness."
Auditory entrainment is strengthened when people see congruent visual and auditory information.,SUPPORT,"The embodied mind thesis challenges other theories, such as cognitivism, computationalism, and Cartesian dualism. It is closely related to the extended mind thesis, situated cognition, and enactivism. The modern version depends on understandings drawn from up-to-date research in psychology, linguist, and neuroscience. The embodied mind hypothesis is based on the idea that the human mind is made up of multiple parts, or 'persons' or 'memories' that can be expressed in different ways."
Autologous transplantation of mesenchymal stem cells causes a higher rate of opportunistic infections than induction therapy with anti-interleukin-2 receptor antibodies.,CONTRADICT,(No content found)
Autologous transplantation of mesenchymal stem cells causes fewer opportunistic infections than induction therapy with anti-interleukin-2 receptor antibodies.,SUPPORT,(No content found)
Autologous transplantation of mesenchymal stem cells has lower rates of rejection than induction therapy with anti-interleukin-2 receptor antibodies.,SUPPORT,(No content found)
Autophagy declines in aged organisms.,SUPPORT,"Senescence or biological aging is the gradual deterioration of functional characteristics in living organisms. Whole organism senescence involves an increase in death rates or a decrease in fecundity with increasing age. Different parts of the body may age at different rates and distinctly, including the brain, the cardiovascular system, and muscle. Of the roughly 150,000 people who die each day across the globe, about two-thirds die from age-related causes. The disposable soma theory of aging states that organisms age due to an evolutionary trade-off between growth, reproduction and DNA repair maintenance."
Bariatric surgery has a positive impact on mental health.,SUPPORT,"Long term weight loss with bariatric surgery may be achieved through alteration of gut hormones, physical reduction of stomach size (stomach reduction surgery) or reduction of nutrient absorption. Standard of care procedures include Roux en-Y bypass, sleeve gastrectomy, and biliopancreatic diversion with duodenal switch. Attachment and health is a psychological model which considers how people's preferences and expectations for the proximity of others when faced with stress, threat, danger or pain. Most surgical procedures are performed by a pair of operators: a surgeon and a surgical assistant."
Basophils counteract disease development in patients with systemic lupus erythematosus (SLE).,CONTRADICT,(No content found)
Birth-weight is positively associated with breast cancer.,SUPPORT,"15% of babies borth in 2012 had a low birthweight and 14.7% in 2020. Low birth weight is associated with neonatal infection, infant mortality, as well as illness into adulthood. Obesity, a lack of physical exercise, alcohol consumption, hormone replacement therapy during menopause, ionizing radiation, an early age at first menstruation, having children late in life (or not at all), older age. Diethylstilbestrol has been linked to a variety of long-term adverse effects in women who were treated with it during pregnancy."
Blocking the interaction between TDP-43 and respiratory complex I proteins ND3 and ND6 leads to increased TDP-43-induced neuronal loss.,CONTRADICT,(No content found)
Bone marrow cells contribute to adult macrophage compartments.,CONTRADICT,"A bone is a rigid organ that constitutes part of the skeleton in most vertebrate animals. It has a honeycomb-like matrix internally, which helps to give the bone rigidity. Bones protect the various other organs of the body, produce red and white blood cells, store minerals, provide structure and support for the body. Monocytes are a type of leukocyte or white blood cell. They are the largest type ofLeukocyte in blood and can differentiate into macrophages and monocyte-derived dendritic cells. T cells are born from hematopoietic stem cells, found in the bone marrow."
Breast cancer development is determined exclusively by genetic factors.,CONTRADICT,A BRCA mutation is a mutation in either of the BRC a1 or BRCa2 genes. These genes are tumour suppressor genes. Harmful mutations in these genes may produce a hereditary breast–ovarian cancer syndrome in affected persons. Polycystic ovary syndrome (PCOS) is the most common endocrine disorder in women of reproductive age. Renal cell carcinoma (RCC) is a kidney cancer that originates in the lining of the proximal convoluted tubule.
CHEK2 is not associated with breast cancer.,SUPPORT,"CHEK2 is a tumor suppressor gene that encodes the protein CHK2, a serine-threonine kinase. Mutations to the CHEK1 gene have been linked to a wide range of cancers. Hereditary breast–ovarian cancer syndromes produce higher than normal levels of breast cancer, ovarian cancer and additional cancers in genetically related families. Male breast cancer (MBC) is a cancer in males that originates in their breasts. Currently, one of every 800 men are estimated to develop this cancer during their lifetimes."
CR is associated with higher methylation age.,CONTRADICT,"DNA damage theory of aging proposes that aging is a consequence of unrepaired accumulation of naturally occurring DNA damage. Validated biomarkers of aging would allow for testing interventions to extend lifespan. Colorectal cancer (CRC), also known as bowel cancer, colon cancer, or rectal cancer, is the development of cancer from the colon or rectum. Risk factors include diet, obesity, smoking, and lack of physical activity. The paternal age effect is the statistical relationship between the father's age at conception and biological effects on the child."
CX3CR1 on the Th2 cells impairs T cell survival,CONTRADICT,"The stromal cell-derived factor 1 (SDF-1), also known as C-X-C motif chemokine 12 (CXCL12), is a chemokin protein that in humans is encoded by the CXCL 12 gene on chromosome 10. The gene also contains 27 SNPs associated with increased risk of coronary artery disease. DR6 is a cell surface receptor of the tumor necrosis factor receptor superfamily. It is mostly expressed in the thymus, spleen and white blood cells."
CX3CR1 on the Th2 cells promotes T cell survival,SUPPORT,"Stromal cell-derived factor 1 (SDF-1), also known as C-X-C motif chemokine 12 (CXCL12), is a chemokin protein that in humans is encoded by the CXCL 12 gene on chromosome 10. The gene also contains 27 SNPs associated with increased risk of coronary artery disease. Tumor necrosis factor receptor superfamily, member 4 (TNFRSF4), is not constitutively expressed on resting naïve T cells, unlike CD28. Ox40 is a secondary co-stimulatory immune checkpoint molecule."
CX3CR1 on the Th2 cells promotes airway inflammation.,SUPPORT,"CXCL1 is a small peptide belonging to the CXC chemokine family. It acts as a chemoattractant for several immune cells, especially neutrophils or other non-hematopoietic cells to the site of injury or infection. IL-8 is initially produced as a precursor peptide of 99 amino acids. CXCR3 is a G protein-coupled receptor in the C XCL receptor family. There are three isoforms of CX CR3 in humans: CxCR3-A, CXcr3-B and chemokin receptor 3-alternative."
CX3CR1 on the Th2 cells suppresses airway inflammation.,CONTRADICT,(No content found)
Carriers of the alcohol aldehyde dehydrogenase deficiency mutation drink less that non-carries.,SUPPORT,"Wernicke encephalopathy is characterised by a triad of symptoms: ophthalmoplegia, ataxia, and confusion. It is treated with thiamine supplementation, which can lead to improvement of the symptoms. Vitamin C is a water-soluble vitamin found in citrus and other fruits, berries and vegetables. As a therapy, it is used to prevent and treat scurvy, a disease caused by vitamin C deficiency. The amount of alcohol consumed largely determines the extent of hangovers, although hydration also plays a role."
Cell autonomous sex determination in somatic cells does not occur in Galliformes.,CONTRADICT,(No content found)
Cell autonomous sex determination in somatic cells occurs in Passeriformes.,SUPPORT,"Birds are warm-blooded vertebrates of the class Aves and the only living dinosaurs. They are toothless, have beaked jaws, lay hard-shelled eggs, and have a high metabolic rate, a four-chambered heart, and a strong yet lightweight skeleton. There are over 11,000 living species and they are split into 44 orders. More than half are passerine or ""perching"" birds. Haemoproteus is a genus of alveolates that are parasitic in birds, reptiles, and amphibians."
Cellular aging closely links to an older appearance.,SUPPORT,"This timeline lists notable events in the history of research into senescence or biological aging. It includes the research and development of life extension methods, brain aging delay methods and rejuvenation. Progeria is a specific type of progeroid syndrome, also known as Hutchinson–Gilford syndrome. The Doctor is the protagonist of the long-running BBC science fiction television series Doctor Who. Since the show's inception in 1963, the character has been portrayed by 14 lead actors. Ncuti Gatwa has portrayed the Fifteenth Doctor since ""The Giggle"" (2023)"
Chenodeosycholic acid treatment increases whole-body energy expenditure.,SUPPORT,(No content found)
Chenodeosycholic acid treatment reduces whole-body energy expenditure.,CONTRADICT,(No content found)
"Chronic aerobic exercise alters endothelial function, improving vasodilating mechanisms mediated by NO.",SUPPORT,"Physical activity refers to any body movement that burns calories. Insufficient physical activity is the most common health issue in the world. Staying physically active can help prevent or delay certain diseases, including cancer, stroke, hypertension, heart disease, and diabetes. Epigenetics of physical exercise is the study of epigenetic modifications to the cell genome resulting from physical exercise. It has been shown that acute and long-term exercise has a significant effect on DNA methylation. High-intensity interval training (HIIT) is a training protocol alternating short periods of intense or explosive anaerobic exercise."
Combination nicotine replacement therapies with varenicline or bupropion lead to significantly higher long-term abstinence rates at 52 weeks than varenicline monotherapy.,CONTRADICT,(No content found)
Combining phosphatidylinositide 3-kinase and MEK 1/2 inhibitors is effective at treating KRAS mutant tumors.,SUPPORT,"Targeted therapy blocks the growth of cancer cells by interfering with specific targeted molecules needed for carcinogenesis and tumor growth. Because most agents for targeted therapy are biopharmaceuticals, the term biologic therapy is sometimes synonymous with targeted therapy. Another form of targeted therapy involves the use of nanoengineered enzymes to bind to a tumor cell. For more information on targeted therapy, visit www.tumor-therapy.org. For information about targeted therapy in the U.S., call the National Cancer Institute at 1-800-273-8255 or visit http://www.cancer.org/."
Commelina yellow mottle virus' (ComYMV) genome consists of 7489 baise pairs.,SUPPORT,(No content found)
Crosstalk between dendritic cells (DCs) and innate lymphoid cells (ILCs) is important in the regulation of intestinal homeostasis.,SUPPORT,"In response to pathogenic tissue damage, ILCs contribute to immunity via the secretion of signalling molecules. Tolerogenic dendritic cells (a.k.a. tol-DCs, tDCs or DCregs) have immuno-suppressive properties, priming immune system into tolerogenic state against various antigens. The immune system is a host defense system consisting of anatomical physical barriers as well as physiological and cellular responses. Humans are home to 1013 to 1014 bacteria, roughly equivalent to the number of human cells."
Cytochrome c is released from the mitochondrial intermembrane space to cytosol during apoptosis.,SUPPORT,"The cytochrome complex, or cyt c, is a small hemeprotein found loosely associated with the inner membrane of the mitochondrion. It transfers electrons between Complexes III (Coenzyme Q – Cyt c reductase) and IV (Cyt c oxidase) Cytochrome c is highly water-soluble, unlike other cytochromes. Apoptosis-inducing factor 1, mitochondrial is a protein that in humans is encoded by the AIFM1 gene on the X chromosome. Mutations in this gene have been implicated in dominant optic atrophy (DOA)"
Deamination of cytidine to uridine on the minus strand of viral DNA results in catastrophic G-to-A mutations in the viral genome.,SUPPORT,(No content found)
Deletion of αvβ8 does not result in a spontaneous inflammatory phenotype.,SUPPORT,"Antimicrobial resistance (AMR or AR) occurs when microbes evolve mechanisms that protect them from antimicrobials, which are drugs used to treat infections. This resistance affects all classes of microbes, including bacteria (antibiotic resistance), viruses (antiviral resistance) and parasites (antiparasitic resistance) Coronary artery disease (CAD) is the most common of the cardiovascular diseases. CAD can cause stable angina, unstable angina and myocardial ischemia. Other complications include heart failure or an abnormal heartbeat."
Dexamethasone decreases risk of postoperative bleeding.,CONTRADICT,"Carprofen is a nonsteroidal anti-inflammatory drug (NSAID) of the carbazole and propionic acid class. It is used to treat various eye diseases, such as age-related macular degeneration (AMD), diabetic retinopathy and infections inside the eye. Desogestrel is a progestin, or a synthetic progestogen. It has very weak androgenic and glucocorticoid activity. Side effects include menstrual irregularities, headaches, nausea, breast tenderness, mood changes, acne."
Diabetic patients with acute coronary syndrome experience increased short-term and long-term risk for bleeding events.,SUPPORT,"Coronary artery disease, stroke, and peripheral artery disease involve atherosclerosis. This may be caused by high blood pressure, smoking, diabetes mellitus, lack of exercise, obesity, high blood cholesterol, poor diet, excessive alcohol consumption, and poor sleep. A myocardial infarction (MI) occurs when blood flow decreases or stops in one of the coronary arteries of the heart. The most common symptom is retrosternal chest pain or discomfort that radiates to the left shoulder, arm, or jaw."
Enhanced early production of inflammatory chemokines improves viral control in the lung.,SUPPORT,"Cell-based immunotherapies are effective for some cancers. Vaccine-induced immunity to COVID-19 relies mostly on an immunomodulatory T-cell response. Inflammation is a protective response involving immune cells, blood vessels, and molecular mediators. Too much inflammation, in the form of chronic inflammation, is associated with various diseases. Epigenetics of autoimmune disorders is the role that epigenetics (heritable changes that do not involve alterations in DNA sequences) play in autoimmune diseases."
Epigenetic modulating agents (EMAs) modulate antitumor immune response in a cancer model system.,SUPPORT,"Programmed death-ligand 1 (PD-L1) also known as cluster of differentiation 274 (CD274) or B7 homolog 1 (B7-H1) is a protein that in humans is encoded by the CD274 gene. It has been speculated to play a major role in suppressing the adaptive arm of immune systems. Cytochrome P450 4F2 is an enzyme, a type of protein that catalyzes (helps speed up) chemical reactions inside cells. Kaposi's sarcoma-associated herpesvirus (KSHV) is the ninth known human herpesv virus."
Errors in peripheral IV drug administration are most common during bolus administration and multiple-step medicine preparations.,SUPPORT,"N,N-Dimethyltryptamine (DMT) is a substituted tryptamine that occurs in many plants and animals, including humans. DMT is used as a psychedelic drug and prepared by various cultures for ritual purposes as an entheogen. When inhaled or injected, the effects last about five to fifteen minutes. The effects of DMT can last for up to five hours in some cultures, and up to 15 hours in other cultures, depending on the culture and the dose."
Exposure to fine particulate air pollution is relate to anxiety prevalence.,SUPPORT,"Air pollution is the presence of substances in the atmosphere that are harmful to humans and other living beings. Air pollution can cause diseases, allergies, and even death. It is a significant risk factor for a number of pollution-related diseases, including heart disease, stroke and chronic obstructive pulmonary disease. Airborne particulate matter is a Group 1 carcinogen. Particulates are the most harmful form (other than ultra-fines) of air pollution. They have impacts on climate and precipitation that adversely affect health. Smoke is a suspension of airborne particulates and gases emitted when a material undergoes combustion or pyrolysis."
Female carriers of the Apolipoprotein E4 (APOE4) allele have increased risk for dementia.,SUPPORT,"Alzheimer's disease (AD) patients are at an increased risk of morbidity and mortality from SARS-CoV-2. AD is the most common cause of dementia worldwide. Many common biological pathways are shared between COVID-19 and AD, notably those involved in inflammation. Apo-E is a protein involved in the metabolism of fats in the body of mammals. A subtype is implicated in Alzheimer's disease and cardiovascular diseases. It is encoded in humans by the gene APOE."
FoxO3a activation in neuronal death is mediated by reactive oxygen species (ROS).,SUPPORT,DNA damage-inducible transcript 3 is a pro-apoptotic transcription factor. It is a member of the CCAAT/enhancer-binding protein (C/EBP) family of DNA-binding transcription factors. The protein is implicated in adipogenesis and erythropoiesis. It also has an important role in the cell's stress response. It has been implicated in the development of the human body's immune system. It was first identified in the 1970s.
Free histones are degraded by a Rad53-dependent mechanism once DNA has been replicated.,SUPPORT,(No content found)
GATA-3 is important for hematopoietic stem cell (HSC) function.,SUPPORT,"GATA2 deficiency is a grouping of several disorders caused by common defect. Mutations that cause a reduction in cellular levels of the gene's product, GATA2, are autosomal dominant. GATA1 is a transcription factor critical for the embryonic development, maintenance, and functionality of tissue-forming stem cells. T cells are born from hematopoietic stem cells, found in the bone marrow. Pancreatic progenitor cells are multipotent stem cells originating from the developing fore-gut endoderm."
Gene expression does not vary appreciably across genetically identical cells.,CONTRADICT,"DNA repair is a collection of processes by which a cell identifies and corrects damage to the DNA molecules that encode its genome. In human cells, both normal metabolic activities and environmental factors such as radiation can cause DNA damage. When normal repair processes fail, and when cellular apoptosis does not occur, irreparable DNA damage may occur. The 2015 Nobel Prize in Chemistry was awarded to Tomas Lindahl, Paul Modrich, and Aziz Sancar for their work on the molecular mechanisms of DNA repair processes."
Glycolysis is one of the primary glycometabolic pathways in cells.,SUPPORT,(No content found)
Headaches are not correlated with cognitive impairment.,SUPPORT,"Post-concussion syndrome (PCS) is medically classified as a mild traumatic brain injury (TBI) About 35% of people with concussion experience persistent or prolonged symptoms 3 to 6 months after injury. ADHD is a neurodevelopmental disorder characterized by inattention, hyperactivity, impulsivity, and emotional dysregulation. ME/CFS is a disabling chronic illness. The hallmark symptom is post-exertional malaise, a worsening of the illness. Alzheimer's disease is the cause of 60–70% of cases of dementia."
High cardiopulmonary fitness causes increased mortality rate.,CONTRADICT,Cardiorespiratory fitness (CRF) refers to the ability of the circulatory and respiratory systems to supply oxygen to skeletal muscles during sustained physical activity. Low levels of CRF have been shown to increase the risk of cardiovascular disease (CVD) and all-cause mortality. Some medical researchers claim that CRF is an even stronge. Heart rate is the frequency of the heartbeat measured by the number of contractions of the heart per minute. It is usually equal or close to the pulse rate measured at any peripheral point. The American Heart Association states the normal resting adult human heart rate is 60–100 bpm.
High levels of CRP reduces the risk of exacerbations in chronic obstructive pulmonary disease (COPD).,CONTRADICT,"Pneumonia is an inflammatory condition of the lung affecting the small air sacs known as alveoli. Risk factors for pneumonia include cystic fibrosis, chronic obstructive pulmonary disease (COPD), sickle cell disease, asthma, diabetes, heart failure. Obstructive sleep apnea (OSA) is the most common sleep-related breathing disorder. In January 2020, the disease spread worldwide, resulting in the COVID-19 pandemic. Symptoms of COVID‑19 can vary but often include fever, fatigue, cough, breathing difficulties, loss of smell, and loss of taste."
High-sensitivity cardiac troponin T (HSCT-T) dosage may not be diagnostic if the onset of symptoms occurs less than 3 hours before acute myocardial injury (AMI).,SUPPORT,(No content found)
Histone demethylase recruitment and a transient decrease in histone methylation is necessary for ligand-dependent induction of transcription by nuclear receptors.,SUPPORT,(No content found)
Human T-lymphotropic virus type-I-associated myelopathy / tropical spastic paraparesis (HAM/TSP) patients produce Immunoglobulin G (IgG) antibodies which cross-react with an immunodominant epitope in Tax.,SUPPORT,(No content found)
Hyperfibrinogenemia decreases rates of femoropopliteal bypass thrombosis.,CONTRADICT,(No content found)
Hyperfibrinogenemia increases rates of femoropopliteal bypass thrombosis.,SUPPORT,(No content found)
Hypocretin neurones induce panicprone state in rats.,SUPPORT,(No content found)
Hypoglycemia increases the risk of dementia.,SUPPORT,"Dementia is a syndrome associated with many neurodegenerative diseases. Symptoms include emotional problems, difficulties with language, and decreased motivation. Diabetes accounts for approximately 4.2 million deaths every year. Gestational diabetes is a condition in which a woman without diabetes develops high blood sugar levels during pregnancy. Risk factors include being overweight, previously having gestational diabetes, a family history of type 2 diabetes, and having polycystic ovarian syndrome. The most common treatment for type 1 is insulin replacement therapy (insulin injections)"
Hypothalamic glutamate neurotransmission is crucial to energy balance.,SUPPORT,"Major depressive disorder (MDD) is a mental disorder characterized by pervasive low mood, low self-esteem, and loss of interest or pleasure in normally enjoyable activities. The most common time of onset is in a person's 20s, with females affected about three times. The disorder causes the second-most years lived with disability, after lower back pain. Nutritional deficiencies in magnesium, vitamin D, and tryptophan have been linked with depression. Physical illnesses, including hypothyroidism and mitochondrial disease, can also trigger depressive symptoms."
IRG1 has antiviral effects against neurotropic viruses.,SUPPORT,(No content found)
"In adult tissue, most T cells are memory T cells.",SUPPORT,"Tissue-resident memory T cells or TRM cells represent a subset of a long-lived memory T Cells. TRM Cells occupy epithelial, mucosal and other tissues (skin, mucosa, lung, brain, pancreas, gastrointestinal tract) without recirculating. Memory T cells might have some of the same functions as memory B cells. Their lineage is unclear, but they are thought to be a type of memory B cell. T cells can be distinguished from other lymphocytes by the presence of a T-cell receptor (TCR) on their cell surface."
"In mouse models, the loss of CSF1R facilitates MOZ-TIF2-induced leuekmogenesis.",CONTRADICT,(No content found)
"In young and middle-aged adults, current or remote uses of ADHD medications do not increase the risk of serious cardiovascular events.",SUPPORT," ADHD is a neurodevelopmental disorder characterized by symptoms of inattention, hyperactivity, impulsivity, and emotional dysregulation. FDA-approved medications and to a lesser extent psychosocial interventions have been shown to improve core ADHD symptoms. The American Academy of Pediatrics (AAP) recommends different treatment paradigms depending on the age of the person being treated. For those aged 4–5, the AAP recommends evidence-based parent- and/or teacher-administered behavioral intervents."
Incidence of heart failure decreased by 10% in women since 1979.,SUPPORT,"The Women's Health Initiative (WHI) was a series of clinical studies initiated by the U.S. National Institutes of Health in 1991. In its entirety, the WHI enrolled more than 160,000 postmenopausal women aged 50–79 years (at time of study enrollment) over 15 years. The Framingham Heart Study is a long-term, ongoing cardiovascular cohort study of residents of the city of Framingham, Massachusetts. The study began in 1948 with 5,209 adult subjects and is now on its third generation of participants."
Incidence rates of cervical cancer have decreased.,SUPPORT,"Tobacco use is the cause of about 22% of cancer deaths. Infection with specific viruses, bacteria and parasites is an environmental factor causing approximately 16–18% of cancers worldwide. HPV vaccines are intended to provide acquired immunity against certain types of human papillomavirus. The first HPV vaccine became available in 2006. Currently there are six licensed HPV vaccines: three bivalent (protect against two types of HPV), two quadrivalent (against four), and one nonavalent vaccine."
Incidence rates of cervical cancer have increased due to nationwide screening programs based primarily on cytology to detect uterine cervical cancer.,CONTRADICT,"Cervical cancer is a cancer arising from the cervix or in any layer of the wall. Tobacco use is the cause of about 22% of cancer deaths. Infection with specific viruses, bacteria and parasites is an environmental factor causing approximately 16–18% of cancers worldwide. Risk factors for developing breast cancer include obesity, a lack of physical exercise, alcohol consumption, hormone replacement therapy during menopause, ionizing radiation, an early age at first menstruation, having children late in life (or not at all)"
Increased microtubule acetylation repairs LRRK2 Roc-COR domain mutation induced locomotor deficits.,SUPPORT,(No content found)
Increased vessel density along with a reduction in fibrosis decreases the efficacy of chemotherapy treatments.,CONTRADICT,"Risk factors for developing breast cancer include obesity, a lack of physical exercise, alcohol consumption, hormone replacement therapy during menopause, ionizing radiation, an early age at first menstruation, having children late in life (or not at all), older age. About five to ten percent of cases are the result of an inherited genetic predisposition. Acne ( AK-nee) is a long-term skin condition that occurs when dead skin cells and oil from the skin clog hair follicles."
"Inositol lipid 3-phosphatase PTEN converts Ptdlns(3,4)P 2 into phosphatidylinositol 4-phosphate.",SUPPORT,(No content found)
Insomnia can be effectively treated with cognitive behavioral therapy.,SUPPORT,"CBT-I aims to improve sleep habits and behaviors by identifying and changing thoughts and behaviors that prevent a person from sleeping well. Insomnia is typically followed by daytime sleepiness, low energy, irritability, and a depressed mood. Conditions that can result in insomnia include psychological stress, chronic pain, heart failure, hyperthyroidism, heartburn, restless leg syndrome, menopause, certain medications, and drugs. Treatment includes types of psychotherapy and pharmacological intervention. CBT and selective serotonin reuptake inhibitors (SSRIs) are first-line treatments."
LDL cholesterol has no involvement in the development of cardiovascular disease.,CONTRADICT,"Cholesterol is biosynthesized by all animal cells and is an essential structural and signaling component of animal cell membranes. In vertebrates, hepatic cells typically produce the greatest amounts. In the brain, astrocytes produce cholesterol and transport it to neurons. Cholesterol is absent among prokaryotes (bacteria and archaea) The low-density lipoprotein receptor (LDL-R) is a mosaic protein of 839 amino acids. Michael S. Brown and Joseph L. Goldstein were awarded the 1985 Nobel Prize in Physiology or Medicine."
Leuko-increased blood increases infectious complications in red blood cell transfusion.,CONTRADICT,(No content found)
Leuko-reduced blood reduces infectious complications in red blood cell transfusion.,SUPPORT,(No content found)
Low nucleosome occupancy correlates with low methylation levels across species.,CONTRADICT,"In biology, epigenetics is the study of heritable traits that happen without changes to the DNA sequence. Epigenetics usually involves a change that is not erased by cell division, and affects the regulation of gene expression. Examples of mechanisms that produce such changes are DNA methylation and histone modification. Transgenerational epigenetic inheritance is the proposed transmission of epigenetic markers and modifications from one generation to multiple subsequent generations without altering the primary structure of DNA. The regulation of genes via epigenetic mechanisms can be heritable."
Lupus-prone mice infected with curliproducing bacteria have higher autoantibody titers compared to controls.,SUPPORT,(No content found)
Ly49Q directs the organization of neutrophil migration to inflammation sites by regulating membrane raft functions.,SUPPORT,(No content found)
Ly6C hi monocytes have a lower inflammatory capacity than Ly6C lo monocytes.,CONTRADICT,(No content found)
Lymphadenopathy is observed in knockin mouse lacking the SHP-2 MAPK pathway.,SUPPORT,(No content found)
Macrolides have no protective effect against myocardial infarction.,SUPPORT,"Sepsis is a potentially life-threatening condition that arises when the body's response to infection causes injury to its own tissues and organs. Common signs and symptoms include fever, increased heart rate, increased breathing rate, and confusion. Pneumonia is an inflammatory condition of the lung primarily affecting the small air sacs known as alveoli. Risk factors for pneumonia include cystic fibrosis, chronic obstructive pulmonary disease (COPD), sickle cell disease, asthma, diabetes, heart failure."
Macrolides protect against myocardial infarction.,CONTRADICT,"Warfarin is an anticoagulant medication. It is commonly used to prevent deep vein thrombosis and pulmonary embolism. It may also protect against stroke in people who have atrial fibrillation, valvular heart disease, or artificial heart valves. Cytochrome P450 4F2 is a protein that in humans is encoded by the CYP4F2 gene. This protein is an enzyme, a type of protein that catalyzes (helps speed up) chemical reactions inside cells."
Macropinocytosis contributes to a cell's supply of amino acids via the intracellular uptake of protein.,SUPPORT,"CD36 is a protein that in humans is encoded by the CD36 gene. It imports fatty acids inside cells and is a member of the class B scavenger receptor family of cell surface proteins. It may be involved in glucose intolerance, atherosclerosis, arterial hypertension, diabetes, cardiomyopathy, Alzheimer's disease. It is also involved in the development of the human pancreas. It has been shown to play a role in the growth and development of human embryonic stem cells."
Many proteins in human cells can be post-translationally modified at lysine residues via acetylation.,SUPPORT,"Post-translational modification (PTM) is the covalent process of changing proteins following protein biosynthesis. PTMs may involve enzymes or occur spontaneously. They are important components in cell signalling, as for example when prohormones are converted to hormones. Approximately 13,000 human proteins have sites that are phosphorylated. Phosphorylation alters the structural conformation of a protein, causing it to become activated, deactivated, or otherwise modifying its function. Proteins perform a number of critical functions as enzymes, structural proteins or hormones."
Mathematical models predict that using Artemisinin-based combination therapy over nongametocytocidal drugs have a dramatic impact in reducing malaria transmission.,CONTRADICT,(No content found)
Metastatic colorectal cancer treated with a single agent fluoropyrimidines resulted in reduced efficacy and lower quality of life when compared with oxaliplatin-based chemotherapy in elderly patients.,SUPPORT,Metronomic therapy is a new type of chemotherapy in which anti-cancer drugs are administered in a lower dose than the maximum tolerated dose repetitively over a long period to treat cancers with fewer side effects. UFT is an oral formulation combining uracil (a competitive inhibitor of dihydropyrimidine dehydrogenase) and tegafur (a bioavailable 5-fluorouracil prodrug) UFT has been stated to help protect the gastrointestinal tract from 5-FU toxicity.
Mice that lack Interferon-γ or its receptor exhibit high resistance to experimental autoimmune myocarditis.,CONTRADICT,"Epigenetics of autoimmune disorders is the role that epigenetics (heritable changes that do not involve alterations in DNA sequences) play in autoimmune diseases. Inflammation is a protective response involving immune cells, blood vessels, and molecular mediators. Too much inflammation, in the form of chronic inflammation, is associated with various diseases. MiR-155 is a microRNA that in humans is encoded by the MIR155 host gene. Exogenous molecular control in vivo of miR-154 expression may inhibit malignant growth, viral infections, and enhance the progression of cardiovascular diseases."
MicroRNA is involved in the regulation of Neural Stem Cell (NSC) differentiation and proliferation dynamic homeostasis,SUPPORT,"In biology, epigenetics is the study of heritable traits that happen without changes to the DNA sequence. miRNAs are involved in RNA silencing and post-transcriptional regulation of gene expression. Catinin beta-1 is a protein that in humans is encoded by the CTNNB1 gene. It is a dual function protein involved in regulation and coordination of cell–cell adhesion and gene transcription. In Drosophila, the homologous protein is called armadillo."
Mitochondria are uninvolved in apoptosis.,CONTRADICT,"Ataxia-telangiectasia mutated, symbol ATM, is a serine/threonine protein kinase. It phosphorylates several key proteins that initiate activation of the DNA damage checkpoint, leading to cell cycle arrest, DNA repair or apoptosis. Several of these targets, including p53, CHK2, BRCA1, NBS1 and H2AX are tumor suppressors. Ataxia is a form of ataxia, a rare genetic disorder."
Monoclonal antibody targeting of N-cadherin inhibits metastasis.,SUPPORT,"Cancer stem cells (CSCs) are cancer cells that possess characteristics associated with normal stem cells. CSCs may generate tumors through the stem cell processes of self-renewal and differentiation into multiple cell types. HGF receptor is a single pass tyrosine kinase receptor essential for embryonic development, organogenesis and wound healing. O-GlcNAc is a reversible enzymatic post-translational modification that is found on serine and threonine residues of nucleocytoplasmic proteins. CD47 (Cluster of Differentiation 47) also known as integrin associated protein (IAP) is a transmembrane protein that in humans is encoded by the CD47 gene."
Most termination events in Okazaki fragments are sequence specific.,SUPPORT,"Replication is bi-directional and originates at a single origin of replication (OriC) DNA replication is the action of DNA polymerases synthesizing a DNA strand complementary to the original template strand. To synthesize DNA, the double-stranded DNA is unwound by DNA helicases ahead of polymerases, forming a replication fork. Schizosaccharomyces pombe, also called ""fission yeast"", is a species of yeast used in traditional brewing and as a model organism in molecular and cell biology."
Mutant mice lacking SVCT2 have greatly increased ascorbic acid levels in both brain and adrenals.,CONTRADICT,(No content found)
N348I mutations cause resistance to zidovudine (AZT).,SUPPORT,(No content found)
NFAT4 activation requires IP3R-mediated Ca2+ mobilization.,SUPPORT,(No content found)
NR5A2 is important in development of endometrial tissues.,SUPPORT,"Forkhead box protein P1 is a protein that in humans is encoded by the FOXP1 gene. It is necessary for the proper development of the brain, heart, and lung in mammals.  It is a member of the large FOX family of transcription factors. It has been shown to play a key role in the development of brain development. It can also play a role in development of heart and lung function. The gene is located on the human genome at gene.foxp1.org."
Nanoparticles can be targeted against specific cell types by incorporating aptamers into lipid nanoparticles.,SUPPORT,"Intracellular delivery is the process of introducing external materials into living cells. Materials that are delivered into cells include nucleic acids (DNA and RNA), proteins, peptides, impermeable small molecules, synthetic nanomaterials, organelles, and micron-scale tracers. RNA therapeutics are a new class of medications based on ribonucleic acid (RNA) Research has been working on clinical use since the 1990s. In 2020 and 2021, mRNA vaccines have been developed globally for use in combating the coronavirus disease."
Neutrophil extracellular traps (NETs) are released by ANCA-stimulated neutrophils.,SUPPORT,"Anti-neutrophil cytoplasmic antibodies (ANCAs) are a group of autoantibodies. They are detected as a blood test in a number of autoimmune disorders. ANCA-associated vasculitides (AAV) are particularly associated with systemic vasculitis. UC is one of the two types of inflammatory bowel disease (IBD), with the other type being Crohn's disease. It is a long-term condition that results in inflammation and ulcers of the colon and rectum."
New drugs for tuberculosis often do not penetrate the necrotic portion of a tuberculosis lesion in high concentrations.,CONTRADICT,(No content found)
Non-invasive ventilation use should be decreased if there is inadequate response to conventional treatment.,CONTRADICT," Mechanical ventilation is the medical term for using a ventilator machine to provide artificial ventilation. It is used to protect the airway due to mechanical or neurologic cause, to ensure adequate oxygenation, or to remove excess carbon dioxide from the lungs. Tracheal intubation is the placement of a flexible plastic tube into the trachea (windpipe) to maintain an open airway or to serve as a conduit through which to administer certain drugs. Intraoperative awareness or accidental awareness during general anesthesia (AAGA) is a rare complication of general anesthesia."
Normal expression of RUNX1 has tumor-promoting effects.,CONTRADICT,"The RB gene may have been responsible for the evolution of multicellularity in several lineages of life. p53, also known as Tumor protein P53, cellular tumor antigen p53 (UniProt name), or transformation-related protein 53 (TRP53) is a regulatory protein that is often mutated in human cancers. HIF1A is a basic helix-loop-helix PAS domain containing protein. It is considered as the master transcriptional regulator of cellular and developmental response to hypoxia."
Obesity is determined solely by environmental factors.,CONTRADICT,"Australia has the third-highest prevalence of overweight adults in the English-speaking world. There is currently no evidence-based, well-defined, and efficient intervention to prevent obesity. Environmental racism exposes Native Americans, African Americans, Asian Americans, Pacific Islanders, and Hispanic populations to physical health hazards and may negatively impact mental health. Communities of color are more likely to be located next to pollution sources, such as landfills, power plants, and incinerators. The most polluted communities tend to be those with low-income communities."
Occupancy of ribosomes by IncRNAs do not make functional peptides.,CONTRADICT,"Small interfering RNA (siRNA) is a class of double-stranded non-coding RNA molecules, typically 20–24 base pairs in length. It interferes with the expression of specific genes by degrading messenger RNA (mRNA) after transcription, preventing translation. White blood cells. recruit immune cells to infection sites by producing chemical factors, including chemical mediators called cytokines. recruit the complement cascade to identify bacteria, activate cells, and promote clearance of antibody complexes or dead cells."
Occupancy of ribosomes by IncRNAs mirror 5 0-UTRs,SUPPORT,(No content found)
Omnivores produce less trimethylamine N-oxide from dietary I-carnitine than vegetarians.,CONTRADICT,(No content found)
PD-1 triggering on monocytes reduces IL-10 production by monocytes.,CONTRADICT,"Interleukin 10 (IL-10), also known as human cytokine synthesis inhibitory factor (CSIF), is an anti-inflammatory cytokine. In humans, IL-10 is encoded by the IL10 gene. PD-1 is a cell surface receptor on T cells and B cells. It has a role in regulating the immune system's response to the cells of the human body. LTA may bind to target cells non-specifically through membrane phospholipids, or specifically to CD14 and to Toll-like receptors."
PDPN promotes efficient motility along stromal surfaces by activating the C-type lectin receptor to rearrange the actin cytoskeleton in dendritic cells.,SUPPORT,(No content found)
PKG-la plays an essential role in expression of pain hypersensitivity in PGK-la knockout mice.,SUPPORT,(No content found)
Participating in six months of physical activity improves cognitive functioning.,SUPPORT,"Cognitive behavioral therapy for insomnia (CBT-I) is a therapy technique for treating insomnia without (or alongside) medications. CBT-I aims to improve sleep habits and behaviors by identifying and changing thoughts and behaviors that prevent a person from sleeping well. Schizophrenia is a mental disorder characterized variously by hallucinations, delusions, disorganized thinking and behavior, and flat or inappropriate affect. In 2017, there were an estimated 1.1 million new cases and in 2022 a total of 24 million cases globa."
Patients in stable partnerships have a faster progression from HIV to AIDS.,CONTRADICT,"As of 2023, around 25.6 million people in sub-Saharan Africa were living with HIV. Majority of new infections and AIDS-related deaths occur in Eastern and Southern Africa. North Africa, West Africa, and the Horn of Africa report significantly lower prevalence rates. Discrimination against people with HIV/AIDS or serophobia is prejudice, fear, rejection, and stigmatization. Marginalized, at-risk groups such as members of the LGBTQ+ community, intravenous drug users, and sex workers are most vulnerable to facing HIV/ AIDS discrimination."
Peroxynitrite is required for nitration of TCR/CD8.,SUPPORT,(No content found)
Podocytes are motile and migrate in the presence of injury.,SUPPORT,(No content found)
Polymeal nutrition reduces cardiovascular mortality.,SUPPORT,"Many governmental agencies and organizations have issued guidelines. These recommendations concerning maximum intake are distinct from any legal restrictions. To varying degrees, these recommendations are also distinct from the scientific evidence, such as the short-term and long-term effects of alcohol consumption, says Dr. Michael Schubert of the American College of Obstetricians and Gynaecologists. For confidential support call the Samaritans on 08457 90 90 90, visit a local Samaritans branch or see www.samaritans.org for details."
Pretreatment with the Arp2/3 inhibitor CK-666 affects lamelliopodia formation.,SUPPORT,(No content found)
Primary cervical cancer screening with HPV detection has higher longitudinal sensitivity than conventional cytology to detect cervical intraepithelial neoplasia grade 2.,SUPPORT,(No content found)
Proteins synthesized at the growth cone are ubiquitinated at a higher rate than proteins from the cell body.,SUPPORT,(No content found)
Pseudogene PTENP1 regulates the expression of PTEN by functioning as an miRNA decoy.,SUPPORT,"Pseudogenes are nonfunctional segments of DNA that resemble functional genes. Most pseudogenes arise as superfluous copies of functional genes, either directly by gene duplication or indirectly by reverse transcription of an mRNA transcript. They are usually identified when genome sequence analysis finds gene-like sequences that lack regulatory sequences. The most common type of pseudogene is the G-protein-coupled receptor (GPCR) gene. It is a type of gene that has a high level of transcriptional activity."
Pyridostatin destabilizes the G - quadruplex in the telomeric region.,CONTRADICT,(No content found)
Radioiodine treatment of non-toxic multinodular goitre reduces thyroid volume.,SUPPORT,"Thyroid's secretory capacity (GT) is the maximum stimulated amount of thyroxine that the thyroid can produce in a given time-unit (e.g. one second) It is also referred to as thyroid's incretory capacity, maximum thyroid hormone output, T4 output or, if calculated from serum levels, as SPINA-GT. The sum activity of peripheral deiodinases (GD) is  the maximum amount of triiodothyronine produced per time- unit under conditions of substrate saturation."
Rapid phosphotransfer rates govern fidelity in two component systems,SUPPORT,(No content found)
Rapid up-regulation and higher basal expression of interferon-induced genes increase survival of granule cell neurons that are infected by West Nile virus.,SUPPORT,"Eastern equine encephalitis (EEE), also called triple E and sleeping sickness, is a viral disease. Symptoms typically appear 3–10 days after being bitten by an infected mosquito. Most infections in humans are asymptomatic, but about 5% of the time the infection progresses to severe neuroinvasive disease. The symptoms of EEE are similar to those of a cold or flu virus. EEE can be treated with antibiotics, but it can also be cured with other medications. For more information, visit the EEE website."
Rapid up-regulation and higher basal expression of interferon-induced genes reduce survival of granule cell neurons that are infected by West Nile virus.,CONTRADICT,"Eastern equine encephalitis (EEE), also called triple E and sleeping sickness, is a viral disease. Symptoms typically appear 3–10 days after being bitten by an infected mosquito. Most infections in humans are asymptomatic, but about 5% of the time the infection progresses to severe neuroinvasive disease. The symptoms of EEE are similar to those of a cold or flu virus. EEE can be treated with antibiotics, but it can also be cured with other medications. For more information, visit the EEE website."
Recurrent mutations occur frequently within CTCF anchor sites adjacent to oncogenes.,SUPPORT,(No content found)
Reduced responsiveness to interleukin-2 in regulatory T cells is associated with greater resistance to autoimmune diseases such as Type 1 Diabetes.,CONTRADICT,"Insulin (, from Latin insula, 'island') is a peptide hormone produced by beta cells of the pancreatic islets encoded in humans by the insulin (INS) gene. It regulates the metabolism of carbohydrates, fats, and protein by promoting the absorption of glucose from the blood. IRAK-4 (interleukin-1 receptor-associated kinase 4) is a protein kinase involved in signaling innate immune responses from Toll-like receptors. Rheumatoid arthritis is a long-term autoimmune disorder that primarily affects joints."
Replacement of histone H2A with H2A.Z slows gene activation in yeasts by stabilizing +1 nucleosomes.,CONTRADICT,"Chromatin remodeling is the dynamic modification of chromatin architecture. It allows access of condensed genomic DNA to the regulatory transcription machinery proteins, and thereby control gene expression. Besides actively regulating gene expression, dynamic remodeling of Chromatin imparts an epigenetic regulatory role in several key biological processes. For more information, visit chromatinremodeling.org. For confidential support, call the Samaritans on 08457 90 90 90, visit a local Samaritans branch or see www.samaritans.org for details."
Ribosomopathies have a low degree of cell and tissue specific pathology.,CONTRADICT,"Fanconi anemia (FA) is a rare, autosomal recessive genetic disease. FA is characterized by aplastic anemia, congenital defects, endocrinological abnormalities, and an increased incidence of developing cancer. The study of FA has improved scientific understanding of the mechanisms of normal bone marrow function and the development of cancer. For confidential support call the Samaritans on 08457 90 90 90, visit a local Samaritans branch, or see www.samaritans.org. In the U.S. call the National Suicide Prevention Line on 1-800-273-8255."
S-nitrosylated GAPDH physiologically transnitrosylates histone deacetylases.,SUPPORT,(No content found)
Sildenafil improves erectile function in men who experience sexual dysfunction as a result of the use of SSRI antidepressants.,SUPPORT,"Sexual medicine focuses on the evaluation and treatment of sexual disorders. Examples of disorders treated with sexual medicine are erectile dysfunction, hypogonadism, and prostate cancer. Sexual dysfunction can have a profound impact on an individual's perceived quality of sexual life. World Health Organization defines sexual dysfunction as a person's inability to participate in a sexual relationship as they would wish. Diagnosis of sexual dysfunction under the DSM-5 requires a person to feel extreme distress and interpersonal strain for a minimum of six months."
Silencing of Bcl2 is important for the maintenance and progression of tumors.,CONTRADICT,"When a tumor suppressor gene is mutated, it results in a loss or reduction in its function. Loss of function for these genes may be even more significant in the development of human cancers, compared to the activation of oncogenes. This gene is a proto-oncogene candidate. It is identified by its translocation into the immunoglobulin alpha-locus in some cases of B-cell leukemia. The protein encoded by this gene contains seven ankyrin repeats, which are most closely related to those found in I kappa B proteins."
Smc5/6 engagment drives the activation of SUMO E3 ligase Mms21 by ATP-dependent remolding.,SUPPORT,(No content found)
Stroke patients with prior use of direct oral anticoagulants have a lower risk of in-hospital mortality than stroke patients with prior use of warfarin.,SUPPORT,"Heparin is a blood anticoagulant that increases the activity of antithrombin. It is used in the treatment of heart attacks and unstable angina. It can be given intravenously or by injection under the skin. Common side effects include bleeding, pain at the injection site, and low blood platelets. High blood pressure is the most significant risk factor for stroke. The CHADS2 score and its updated version, the CHA2DS2-VASc score, are clinical prediction rules for estimating the risk of stroke."
Subcutaneous fat depots undergo extensive browning processes after cold exposure.,SUPPORT,(No content found)
Suboptimal nutrition is not predictive of chronic disease,CONTRADICT,"The Thrifty phenotype refers to the correlation between low birth weight of neonates and the increased risk of developing metabolic syndromes later in life. Stunted growth is often caused by malnutrition, and can also be caused by chronic food insecurity or exogenous factors such as parasitic infection. The global stunting prevalence declined from 26.3% in 2012 to 22.3%. Ataxia–telangiectasia (AT or A–T) is a rare, neurodegenerative disease causing severe disability."
Synaptic activity enhances local release of brain derived neurotrophic factor from postsynaptic dendrites.,SUPPORT,"Synaptogenesis is the formation of synapses between neurons in the nervous system. It occurs throughout a healthy person's lifespan, but an explosion of synapse formation occurs during early brain development, known as exuberant synaptogenesis. Activity-independent mechanisms are generally believed to occur as hardwired processes determined by genetic programs that are played out within individual neurons. Intrinsic modification of the electrical properties of neurons plays a role in many aspects of plasticity from homeostatic plasticity to learning and memory itself."
T regulatory cells (tTregs) lacking αvβ8 are more adept at suppressing pathogenic T-cell responses during active inflammation.,CONTRADICT,(No content found)
TCR/CD3 microdomains are a required to induce the immunologic synapse to activate T cells.,SUPPORT,"Tyrosin-protein kinase Lck (or lymphocyte-specific protein tyrosine kinase) is a 56 kDa protein that is found inside lymphocytes and encoded in the human by the LCK gene. Lck is a member of Src kinase family (SKF) and is important for the activation of T-cell receptor (TCR) signaling in both naive T cells and effector T cells. Fyn (p59-FYN, Slk, Syn, MGC45350, Gene ID 2534) is an enzyme that in humans is encoded by the FYN gene."
TNFAIP3 is a tumor suppressor in glioblastoma.,CONTRADICT,"14-3-3 protein zeta/delta is a protein that in humans is encoded by the YWHAZ gene on chromosome 8. It is a major regulator of apoptotic pathways critical to cell survival. It plays a key role in a number of cancers and neurodegenerative diseases. In humans, the protein is also found in mice, birds and other mammals. It has been shown to play an important role in the development of some cancers and other diseases such as leukaemia."
Taking 400mg of α-tocopheryl acetate helps to prevent prostate cancer.,CONTRADICT,"Aspirin is a nonsteroidal anti-inflammatory drug (NSAID) used to reduce pain, fever, and inflammation. Specific inflammatory conditions that aspirin is used to treat include Kawasaki disease, pericarditis, and rheumatic fever. Progesterone (P4), sold under the brand name Prometrium among others, is a medication and naturally occurring steroid hormone. Estradiol (E2) is used mainly in menopausal hormone therapy and to treat low sex hormone levels in women."
Taxation of sugar-sweetened beverages had no effect on the incidence rate of type II diabetes in India.,CONTRADICT,"Type 2 diabetes (T2D), formerly known as adult-onset diabetes, is a form of diabetes mellitus. Common symptoms include increased thirst, frequent urination, fatigue and unexplained weight loss. Long-term complications from high blood sugar include heart disease, stroke, diabetic retinopathy. Non-alcoholic fatty liver disease (NAFLD) is a type of chronic liver disease. NAFLD is less dangerous than NASH and usually does not progress to it. It can lead to complications, such as liver cancer, liver failure and cardiovascular disease."
Teaching hospitals do not provide better care than non-teaching hospitals.,SUPPORT,"A hospital is a healthcare institution providing patient treatment with specialized health science and auxiliary healthcare staff and medical equipment. The best-known type of hospital is the general hospital, which typically has an emergency department. Specialized hospitals include trauma centers, rehabilitation hospitals, children's hospitals, geriatric hospitals, and hospitals for specific medical needs. A trauma center is a hospital equipped and staffed to provide care for patients suffering from major traumatic injuries such as falls, motor vehicle collisions, or gunshot wounds. A children's hospital (CH) offers its services exclusively to infants, children, adolescents, and young adults. In certain special cases, they may also treat adults."
Tetraspanin-3 is a causative factor in the development of acute myelogenous leukemia,SUPPORT,(No content found)
The DdrB protein from Deinococcus radiodurans is an alternative SSB.,SUPPORT,(No content found)
The PRR MDA5 is a sensor of RNA virus infection.,SUPPORT,The family of cytoplasmic pattern recognition receptors (PRRs) are sentinels for intracellular viral RNA that is a product of viral infection. PRRs mediate the initiation of antigen-specific adaptive immune response and release of inflammatory cytokines. RIG-I (retinoic-acid inducible gene or DDX58) is the best characterized receptor. The RLR receptors provide frontline defence against viral infections in most tissues. An ERV is a vertically inherited proviral sequence and a type of gene called a transposon.
The US health care system can save up to $750 million if 7% of patients waiting for kidney transplants participate in the optimized national kidney paired donation program.,SUPPORT,"Most donations occur after the donor has died. Donation may be for research or, more commonly, healthy transplantable organs and tissues may be donated to be transplanted into another person. Common transplantations include kidneys, heart, liver, pancreas, intestines, lungs, bones, bone marrow, skin, and corneas. Most donations occur in the United States, Canada, Australia, New Zealand, South Africa, and the United Kingdom. For confidential support call the Samaritans in the UK on 08457 90 90 90, visit a local Samaritans branch or click here for details."
The YAP1 and TEAD complex tanslocates into the nucleus where it interacts with transcription factors and DNA-binding proteins that modulate target gene transcription.,SUPPORT,"WWTR1 acts as a transcriptional coregulator and has no effect on transcription alone. When in complex with transcription factor binding partners, WWTR1 helps promote gene expression in pathways associated with development, cell growth and survival. Aberrant WW TR1 function has been implicated for its role in driving cancers. For more information, visit WWtr1.org. Back to Mail Online home. back to the page you came from.""WW TR1"" is an abbreviation for World Transcriptionary Regulator."
The center of the granuloma in an immune cell induces a pro-inflammatory immune response.,SUPPORT,"Crohn's disease and ulcerative colitis are the principal types of IBD. Lupus is an autoimmune disease in which the body's immune system mistakenly attacks healthy tissue in many parts of the body. Psoriasis is a long-lasting, noncontagious autoimmune disease. Interferon gamma (IFNG) is a dimerized soluble cytokine. It is the only member of the type II class of interferons. It plays a role in regulating the immune response of its target cell."
The extracellular domain of TMEM27 is cleaved in human beta cells.,SUPPORT,(No content found)
The genomic aberrations found in matasteses are very similar to those found in the primary tumor.,CONTRADICT,(No content found)
The locus rs647161 is associated with colorectal carcinoma.,SUPPORT,(No content found)
The minor G allele of FOXO3 is related to more severe symptoms of Crohn's Disease.,CONTRADICT,(No content found)
The myocardial lineage develops from cardiac progenitors of mesodermal origin.,SUPPORT,"In multicellular organisms, stem cells are undifferentiated or partially differentiated cells. They can change into various types of cells and proliferate indefinitely to produce more of the same stem cell. They are found in both embryonic and adult organisms, but they have slightly different properties in each. In the human body, they can be found in the skin, skin cells, bone, cartilage, nerves, joints, joints and skin cells. In some cases, they are also found in bone marrow and bone marrow."
The relationship between a breast cancer patient's capacity to metabolize tamoxifen and treatment outcome is dependent on the patient's genetic make-up.,SUPPORT,"Risk factors for developing breast cancer include obesity, a lack of physical exercise, alcohol consumption, hormone replacement therapy during menopause, ionizing radiation, an early age at first menstruation, having children late in life (or not at all), older age. Tamoxifen, sold under the brand name Nolvadex among others, is a selective estrogen receptor modulator used to prevent breast cancer. Common side effects include irregular periods, weight loss, and hot flashes."
The repair of Cas9-induced double strand breaks in human DNA is error-prone.,SUPPORT,"DNA repair is a collection of processes by which a cell identifies and corrects damage to the DNA molecules that encode its genome. In human cells, both normal metabolic activities and environmental factors such as radiation can cause DNA damage. When normal repair processes fail, and when cellular apoptosis does not occur, irreparable DNA damage may occur. CRISPR gene editing is a genetic engineering technique by which the genomes of living organisms may be modified. No-SCAR genome editing is an editing method that is able to manipulate the Escherichia coli genome."
"The risk of breast cancer among parous women increases with placental weight of pregnancies, and this association is strongest for premenopausal breast cancer.",SUPPORT,"Testosterone is the primary male sex hormone and androgen in males. It is associated with increased aggression, sex drive, dominance, courtship display, and a wide range of behavioral characteristics. In humans, testosterone plays a key role in the development of male reproductive tissues such as testicles and prostate. Testosterone is found in the human body in the form of testosterone, androgen, and androsterone. It can also be found in fish, eggs, sperm, and eggs."
The risk of male prisoners harming themselves is ten times that of female prisoners.,CONTRADICT,"In California prisons, two-thirds of LGBTQ people report that they were assaulted while incarcerated. Males are far less likely to report sexual abuse than females. It may be difficult for male victims to report a sexual assault they experienced. They might be afraid that people will doubt their sexual orientation and label them homosexual. The vulnerability of LGBTQ prisoners has led some prisons to separate them from other prisoners. Charles Arthur Salvador (born Michael Gordon Peterson; 6 December 1952) is a British artist and criminal. He has spent periods detained in the Rampton, Broadmoor, and Ashworth high-security psychiatric hospitals."
The severity of cardiac involvement in amyloidosis can be described by the degree of transmurality of late gadolinium enhancement in MRI.,SUPPORT,(No content found)
The sliding activity of kinesin-8 protein Kip3 promotes bipolar spindle assembly.,SUPPORT,(No content found)
The tip of the inner tube of the toxic type VI secretion system (T6SS) antibacterial effector in Escherichia coli (E. coli) carries toxic effector proteins.,SUPPORT,(No content found)
There is an inverse relationship between hip fractures and statin use.,SUPPORT,"Chandler's disease is a rare condition in which the bone cells in the head of the femur die due to lack of blood. Cardiovascular disease (CVD) is an umbrella term for a wide range of diseases affecting the heart and blood vessels. CVD has been the leading cause of death in women, despite being presumed to be a primarily male disease. The risks of CVD were unaccounted for in women due to gender biases, under-representation in clinical trials and lack of research."
Thigh-length graduated compression stockings (GCS) did not reduce deep vein thrombosis in patients admitted to hospital who are immobile because of acute stroke.,SUPPORT,(No content found)
Tirasemtiv has no effect on fast-twitch muscle.,CONTRADICT,"Troponin C is a protein that resides in the troponin complex on actin thin filaments of striated muscle. It is responsible for binding calcium to activate muscle contraction and is encoded by the TNNC1 gene in humans for both cardiac and slow skeletal muscle. In humans, the protein is found in the central nervous system and in the peripheral nervous system. In mice, it is located in the spinal cord and is found to play a key role in the development of spinal cord function."
Transplanted human glial cells can differentiate within the host animal.,SUPPORT,"Olfactory ensheathing cells (OECs) are a type of macroglia (radial glia) found in the nervous system. They are also known as olfactory Schwann cells, because they ensheath non-myelinated axons. OECs have been tested successfully in experimental axonal regeneration in adult rats with traumatic spinal cord damage. Clinical trials are currently being conducted to obtain more information on spinal cord injuries. Neural organoids are created by culturing pluripotent stem cells into a three-dimensional culture that can be maintained for years."
Transplanted human glial progenitor cells are incapable of forming a neural network with host animals' neurons.,CONTRADICT,(No content found)
UCB T cells maintain high TCR diversity after transplantation.,SUPPORT,(No content found)
UCB T cells reduce TCR diversity after transplantation.,CONTRADICT,(No content found)
Ubiquitin ligase UBC13 generates a K63-linked polyubiquitin moiety at PCNA K164.,SUPPORT,(No content found)
Ultrasound guidance significantly raises the number of traumatic procedures when attempting needle insertion.,CONTRADICT,"Lumbar puncture (LP), also known as a spinal tap, is a medical procedure in which a needle is inserted into the spinal canal. Caesarean section is the surgical procedure by which one or more babies are delivered through an incision in the mother's abdomen. Acupuncture is a pseudoscience; the theories and practices of TCM are not based on scientific knowledge, and it has been characterized as quackery. A central venous catheter (CVC) is a catheter placed into a large vein."
Upregulation of mosGCTL-1 is induced upon infection with West Nile virus.,SUPPORT,(No content found)
Varenicline monotherapy is more effective after 12 weeks of treatment compared to combination nicotine replacement therapies with varenicline or bupropion.,CONTRADICT,"Bupropion, formerly called amfebutamone, is an atypical antidepressant. It is indicated in the treatment of major depressive disorder, seasonal affective disorder, and to support smoking cessation. It does not usually cause sexual dysfunction, it is not associated with weight gain and sleepiness. Pseudoephedrine is used as a decongestant to treat nasal congestion. It has also been used off-label for certain other indications, like treatment of low blood pressure."
Vitamin D deficiency effects the term of delivery.,SUPPORT,"Vitamin A deficiency (VAD) or hypovitaminosis A is a lack of vitamin A in blood and tissues. Vitamin A plays a major role in phototransduction, so this deficiency impairs vision. Each year, approximately 250,000 to 500,000 malnourished children in the developing world go blind from a VAD. An estimated 24% of babies worldwide are born with lower than optimal weights at birth due to lack of proper nutrition. Personal habits such as consumption of alcohol or large amounts of caffeine can negatively and irreversibly a baby."
Vitamin D deficiency is unrelated to birth weight.,CONTRADICT,"Delayed puberty is when a person lacks or has incomplete development of specific sexual characteristics past the usual age of onset of puberty. Delayed puberty affects about 2% of adolescents. Delay of puberty may also occur due to various causes such as malnutrition, various systemic diseases, or defects of the reproductive system (hypogonadism) Breastfeeding, also known as nursing, is the process where breast milk is fed to a child. Infants may suck the milk from the breast, or milk may be extracted with a pump and then fed to the infant."
Women with a higher birth weight are more likely to develop breast cancer later in life.,SUPPORT,"Risk factors for developing breast cancer include obesity, a lack of physical exercise, alcohol consumption, hormone replacement therapy during menopause, ionizing radiation, an early age at first menstruation, having children late in life (or not at all), older age. About five to ten percent of cases are the result of an inherited genetic predisposition. The abortion–breast cancer hypothesis posits that having an induced abortion can increase the risk of getting breast cancer. This hypothesis is at odds with mainstream scientific opinion and is rejected by major medical professional organizations."
aPKCz causes tumour enhancement by affecting glutamine metabolism.,CONTRADICT,(No content found)
cSMAC formation enhances weak ligand signalling.,SUPPORT,"In immunology, an immunological synapse (or immune synapse) is the interface between an antigen-presenting cell or target cell and a lymphocyte. The interface was originally named after the neuronal synapse, with which it shares the main structural pattern. Apoptosis is a form of programmed cell death that occurs in multicellular organisms and in some eukaryotic, single-celled microorganisms such as yeast. The average adult human loses 50 to 70 billion cells each day due to apoptosis."
mTORC2 regulates intracellular cysteine levels through xCT inhibition.,SUPPORT,(No content found)
